qt38xg:9097@manzana,pescado,zanahoria,arroz,aceite,cebolla,miel,patata,huevo,café
is12xc:3313@pollo,arroz,manzana,miel,trigo,aceite,cebolla
gj97vr:9675@miel,azúcar,ajo,aceite,huevo,tomate,leche,cebolla,arroz
tw55di:2729@queso,huevo,patata,ajo,leche,cebolla,tomate
je23de:7181@queso,cebolla,tomate,café,aceite,manzana,patata
qo72kn:7859@patata,zanahoria,manzana,leche,azúcar
xb78rw:9534@leche,pescado,patata,azúcar,tomate,pollo,zanahoria,pan
yd58ix:7645@zanahoria,trigo,leche,azúcar,queso,patata,café,pescado,pollo,miel
ns74lw:6985@trigo,arroz,queso,tomate,patata,pescado,miel,pan
wu24py:8286@pescado,cebolla,manzana,leche,tomate,huevo,patata,pollo,pan
ik77rf:5503@arroz,ajo,huevo,pan,aceite
wk26mj:2285@ajo,patata,tomate,miel,zanahoria,arroz,aceite,pollo,huevo,café
oo86my:4130@cebolla,pescado,leche,huevo,pan,zanahoria
zc27bt:5967@arroz,ajo,pescado,miel,pollo,tomate,huevo,aceite,trigo
ls71jd:9622@manzana,patata,aceite,tomate
lk73jb:8889@patata,huevo,miel,leche,aceite,café,cebolla
fd57xb:9683@aceite,cebolla,queso,café,huevo,miel
cz52cs:3309@arroz,manzana,leche,queso,aceite,ajo,miel,pollo,tomate
di46fi:2841@huevo,pescado,leche,trigo,manzana,zanahoria,tomate,ajo
ec25co:3386@zanahoria,ajo,manzana,aceite,pan,leche,pollo,miel
cf38fr:4498@trigo,huevo,tomate,arroz,cebolla,pescado,café
zs84gj:1945@patata,azúcar,zanahoria,pan,tomate,ajo,leche,aceite
pg47os:9145@miel,tomate,aceite,azúcar,pan,leche,pescado
vh12zw:2922@azúcar,zanahoria,patata,pollo,leche,pan,miel,tomate,pescado,manzana
os28pe:8331@manzana,aceite,pollo,queso,leche,arroz,ajo,zanahoria
vs24pm:5471@café,cebolla,pan,pescado,patata
fy64ro:8247@queso,pan,pescado,patata,manzana,azúcar,huevo,leche,miel,tomate
be67zu:7094@manzana,café,trigo,tomate
xy00mu:7245@tomate,leche,pollo,café
gj58kc:8026@cebolla,manzana,trigo
cn95hh:5211@huevo,pan,azúcar,zanahoria,tomate
mg51dj:9411@queso,pescado,manzana,trigo,huevo,café
ft25xs:3726@zanahoria,pollo,arroz,cebolla,tomate,huevo,pan,queso
jr43lc:1306@cebolla,huevo,pescado,café,tomate,ajo,miel,manzana,queso,aceite
vx25rq:6423@huevo,miel,pescado,zanahoria,trigo,ajo,manzana
nn00fw:5364@zanahoria,pescado,café
me79qv:9208@arroz,pescado,ajo,patata,huevo,pollo,leche
mg56lu:5599@cebolla,patata,pollo,miel,huevo,pescado,queso,arroz,ajo
nh77qt:1629@café,leche,manzana,azúcar
uv96pe:8009@miel,pan,trigo,queso,azúcar,aceite,leche,huevo,arroz
sp37ly:8574@cebolla,manzana,ajo,pan,miel,zanahoria
ej35wr:3933@leche,huevo,café,cebolla,trigo,pan,zanahoria,patata,azúcar
co32yq:1902@tomate,aceite,pan,queso,ajo,leche,zanahoria,miel
pk68oq:4677@aceite,pan,leche,azúcar,miel,queso,café
vv66gs:6431@azúcar,cebolla,aceite,café,pan,manzana
rx73tb:8908@trigo,pollo,huevo,queso,aceite
gc14iy:5720@leche,café,patata,azúcar,pollo,arroz,cebolla,ajo
fs93kx:1223@miel,tomate,leche,huevo,queso,zanahoria
ly52uy:8204@pan,leche,huevo,manzana,tomate,café
bo86vw:5619@pollo,pescado,pan,queso,café,huevo
ya66rd:5588@arroz,trigo,pollo
oi30ol:3428@patata,arroz,pan,pescado,cebolla,zanahoria
bx49xe:9542@pescado,azúcar,zanahoria,aceite,queso,huevo,ajo,pan
qb17pk:3054@pollo,café,trigo,ajo,leche
yq68jx:4727@queso,aceite,tomate
vc02hk:4968@queso,café,arroz,cebolla,ajo
wl62pe:1453@pescado,pollo,zanahoria,patata,queso
oc25vi:6890@azúcar,manzana,huevo,pan
oy20ih:6547@zanahoria,trigo,café,arroz,azúcar,tomate,pescado,leche,huevo,miel
cm30wh:6958@manzana,miel,arroz,patata,cebolla,pan
md60nq:7091@ajo,tomate,leche,zanahoria,trigo,pollo,miel,queso,patata
nz72rl:4824@patata,café,queso,miel,zanahoria,pollo,trigo,manzana,arroz,tomate
sr31mk:3170@pan,leche,huevo,aceite,arroz,azúcar,pescado,miel,zanahoria
zq21ui:6621@trigo,café,pollo,huevo,aceite,queso,azúcar
dh84qm:4197@huevo,patata,trigo,pescado,cebolla,queso,miel,azúcar,ajo,pan
sn89dh:2774@café,ajo,patata,tomate
te74qd:3227@trigo,pollo,cebolla,patata,leche
cg50am:1175@miel,azúcar,ajo,leche,huevo
rb75hp:1128@cebolla,pan,azúcar,trigo,leche,pescado,zanahoria,café,ajo
cr52hk:8965@cebolla,azúcar,miel,patata
ht32sw:7728@tomate,leche,zanahoria,miel,pollo
om99yw:1208@café,zanahoria,tomate,huevo,trigo,pan,manzana,cebolla,patata,azúcar
ku56he:6696@pan,ajo,café,miel,patata
xz02ys:3132@azúcar,zanahoria,arroz
ow55wo:1718@manzana,huevo,leche,zanahoria,café,ajo,miel
ae21st:9102@miel,arroz,café,manzana,huevo
ml18od:3811@ajo,pescado,trigo
vy97il:4374@trigo,tomate,pescado,leche,cebolla
iu58nd:1370@tomate,queso,ajo,arroz,café,huevo,manzana,patata,azúcar
hb26zc:8595@patata,huevo,zanahoria,manzana,arroz,azúcar,aceite,ajo,café
yn34ur:6716@miel,cebolla,trigo,pan,azúcar
yh84zj:1624@trigo,cebolla,queso,zanahoria,café,pan
ce54on:7934@patata,aceite,trigo
yg86kv:8891@huevo,patata,pollo,azúcar,zanahoria,manzana
pf27kc:9836@leche,pescado,zanahoria,huevo,manzana,café,ajo,queso
xy59tp:2098@pan,leche,cebolla,manzana,miel,huevo,arroz
uw17tf:1387@arroz,ajo,queso,zanahoria,manzana,leche,pan
uf08nn:4921@pescado,tomate,aceite,pan,queso,arroz,trigo,miel,pollo
dq60by:3432@ajo,cebolla,zanahoria,azúcar,huevo,pan
tq21yo:3413@aceite,leche,queso,cebolla
qc56yv:9196@queso,pollo,café,trigo,arroz,manzana,miel,patata
lm76xt:2269@azúcar,manzana,arroz,leche
zu18ew:8624@trigo,pollo,miel,cebolla
eg26ie:7341@pescado,cebolla,tomate
yy79jb:6035@zanahoria,pollo,pan,arroz,huevo,trigo,ajo,pescado,manzana,leche
jn63sp:8270@pollo,patata,leche,pan,zanahoria
fn73yj:3938@manzana,leche,trigo,aceite,tomate,queso,café
ih01qb:3907@manzana,café,pescado,cebolla,leche,azúcar,arroz,tomate
bh39gc:8408@queso,ajo,patata,cebolla,arroz,manzana,pescado,tomate,azúcar,huevo
ll66rk:1722@pan,huevo,patata,café,pollo,ajo,azúcar,manzana,trigo
yw47ys:2807@pan,miel,huevo
vj64pt:9193@manzana,ajo,huevo,miel,azúcar,queso
hy71vb:5302@pollo,pescado,ajo,manzana,huevo,café
jx83gv:1891@manzana,huevo,café,aceite,tomate,arroz,trigo,ajo,azúcar
bh67wm:2988@arroz,patata,azúcar,huevo,pan,miel,tomate,leche,café
js21tj:8727@pan,arroz,ajo,azúcar,leche,zanahoria
uc26oh:2447@aceite,queso,arroz,café,zanahoria,pescado,trigo,tomate,ajo
jj77nj:1519@pescado,leche,patata,aceite,pollo,manzana,arroz
fw66vx:6254@queso,tomate,manzana
vw03mg:2031@cebolla,tomate,ajo,pan,leche,aceite,patata,pescado,manzana
ie11sq:9127@manzana,arroz,ajo,aceite,zanahoria,queso
ta65mp:5816@leche,cebolla,pescado,café,miel,pollo,tomate
ay61cr:3962@aceite,pescado,café,huevo
dv81fp:1589@manzana,aceite,cebolla,huevo,leche,pollo,trigo
pq94wn:3171@pan,trigo,queso,azúcar,huevo,aceite,ajo
pp46pi:7556@leche,zanahoria,pan,queso,arroz,ajo
qd75lj:4396@ajo,miel,zanahoria,pan,tomate,pollo,arroz,aceite
jk15wn:5058@leche,queso,miel,huevo
or17dt:3578@aceite,manzana,ajo,queso,patata,arroz,pescado,trigo
zt87ek:1548@aceite,leche,queso,zanahoria,arroz,miel,pescado,pollo,huevo
mo24ns:2913@aceite,pan,manzana,ajo,queso,pollo,leche,trigo
vy58cy:9808@pollo,ajo,cebolla,manzana,azúcar,pan,zanahoria,pescado,arroz,miel
je34jz:3978@patata,aceite,pollo,ajo,café,miel,cebolla,huevo,leche
bx93st:8774@pollo,patata,café,pan,ajo,tomate,azúcar,manzana,trigo,miel
vk82js:8968@aceite,huevo,cebolla,pan
gs83ml:1960@pan,ajo,café,leche,trigo
cu44rs:5660@pescado,patata,tomate,azúcar
pg32qy:3166@zanahoria,miel,arroz,patata,manzana,cebolla,café,azúcar,trigo
td34ll:7389@azúcar,patata,miel,pollo,pescado,arroz,manzana,huevo,pan,cebolla
zz15ox:6212@cebolla,trigo,manzana,aceite,queso,miel,ajo,café
ps31bo:9995@pollo,patata,azúcar,aceite,arroz,trigo,ajo,pescado,huevo
fg11rr:9441@trigo,patata,huevo,pan,cebolla,tomate,zanahoria,azúcar,ajo
tv57or:5553@manzana,pan,ajo
ii61bp:5177@ajo,queso,huevo,pan,cebolla,miel,trigo,leche
lg07kg:9812@miel,pollo,cebolla,patata,manzana,trigo
ln65cp:2183@miel,zanahoria,café,azúcar,aceite,queso,manzana,huevo
uu06uz:1699@manzana,patata,miel,azúcar,arroz,café,cebolla,zanahoria
lv58tf:8636@café,manzana,leche,pollo
mf94dp:1780@pescado,patata,huevo,aceite,tomate
pl21ad:9588@huevo,aceite,queso,pollo,pan,café,ajo,arroz,manzana
tn63fu:5382@queso,manzana,ajo,trigo,cebolla,huevo,café
ir32fe:3220@zanahoria,manzana,pan,trigo,patata,huevo,cebolla,queso,aceite,azúcar
ov46sc:6305@ajo,cebolla,pescado,queso,miel,huevo
ey16bv:5207@ajo,aceite,leche,patata,pan,queso,manzana,azúcar,pollo,zanahoria
qj28po:4744@pollo,pan,ajo
it25tp:1365@huevo,miel,zanahoria,cebolla,pescado,tomate,trigo,manzana
gx84go:8050@zanahoria,huevo,pescado,patata
ad85jq:7466@cebolla,miel,pollo,azúcar
ld28vk:5611@cebolla,ajo,zanahoria,patata,aceite,azúcar,café,miel
pa56zf:9951@leche,patata,tomate,pan,pescado,miel,zanahoria,azúcar,huevo
pd36xh:6456@azúcar,zanahoria,patata,aceite,ajo,cebolla,queso,tomate,manzana
mm56cp:7469@pan,patata,queso
td35ca:8028@trigo,azúcar,miel,pescado
uv21du:8819@zanahoria,trigo,café,aceite
cn39hk:7227@cebolla,leche,pescado
eo62ht:1582@leche,café,queso,zanahoria
gl82cn:3799@huevo,pollo,miel,café,patata,queso
jf42ee:3169@queso,azúcar,miel,aceite,ajo,café,pan
ak33ah:9750@leche,azúcar,patata,miel,aceite,pollo,tomate,trigo,pan
xo66ll:3879@patata,pan,trigo,azúcar,tomate,manzana,huevo
rj39sy:2763@leche,huevo,arroz,patata,zanahoria
au14mz:3244@tomate,pan,pollo,ajo,azúcar
gj61nn:7750@zanahoria,leche,café,patata
cw42pd:3220@manzana,leche,huevo,patata
fd62zc:6744@huevo,miel,pan,aceite,cebolla
iq90sb:3425@pescado,aceite,patata,miel,café,zanahoria,azúcar,queso
uv76eo:5427@queso,zanahoria,pollo,aceite,leche,azúcar,ajo
gg55bz:3024@aceite,tomate,pollo,azúcar,manzana,queso,ajo,cebolla
vs71vy:8430@arroz,queso,manzana,café,pollo,leche,pan,cebolla,tomate,trigo
vh58ac:9008@patata,leche,huevo
qt07uw:3742@huevo,ajo,manzana,queso,miel,café,zanahoria,pan,trigo
gn90qu:9263@azúcar,tomate,queso,café
ub78bk:9128@pan,pollo,zanahoria,arroz,trigo,leche,aceite,patata,huevo
nc44bu:9265@pan,miel,huevo,queso,zanahoria,tomate,manzana,trigo
ok71qx:3530@cebolla,azúcar,arroz,leche,ajo,zanahoria,pan
wx35to:3353@ajo,pan,tomate
ng56bk:3486@pescado,trigo,azúcar,arroz,leche
pc79nn:4349@trigo,pescado,queso,pollo,manzana
ti33pg:4576@queso,pescado,ajo,café,arroz,aceite,leche,manzana,patata
ct35sx:7051@cebolla,azúcar,arroz,queso,tomate,trigo,aceite,miel
us78lb:2433@arroz,patata,pescado,leche,pollo,zanahoria,cebolla,azúcar,trigo,aceite
wb22jd:7743@ajo,cebolla,aceite,pollo,pescado
or23ol:3498@azúcar,leche,pan,pescado,miel
zp53jn:4904@pescado,huevo,café,manzana,miel,pollo,queso,leche,azúcar
ay71nw:5543@tomate,pan,pescado,aceite,azúcar,ajo,café
ku34su:5004@zanahoria,cebolla,ajo,patata,miel,café,arroz
vi11gs:7784@manzana,café,cebolla,pollo,ajo,patata
mp41cc:9091@azúcar,huevo,pan,arroz,zanahoria,trigo,leche,tomate,cebolla
dn85yh:3761@pollo,tomate,arroz,ajo,miel,patata,pescado,manzana,azúcar
xf18cw:4000@ajo,pollo,arroz,azúcar,tomate
oj97lr:8053@tomate,manzana,miel,ajo,pescado,huevo,pollo,café,leche
zk16ef:4236@azúcar,ajo,queso,tomate
zg28db:4047@miel,zanahoria,ajo,huevo,arroz,tomate,café,pan
bt35dr:4501@azúcar,manzana,leche,trigo,pan,huevo,tomate,zanahoria,ajo
cz89yb:1499@queso,zanahoria,leche,aceite,cebolla,pollo,patata,café
jj27yp:6093@cebolla,pescado,miel,leche,tomate,zanahoria,pan,queso,trigo
ot61cz:1594@pan,pollo,zanahoria,leche
pf63gp:6961@azúcar,tomate,pan,cebolla,pescado
nk42wr:4465@aceite,miel,leche,huevo,trigo,zanahoria,café,pollo,pescado
zw10db:8735@trigo,pollo,manzana,ajo,arroz,huevo,pescado,queso,patata
dl72om:9185@arroz,trigo,patata,aceite,café,azúcar,huevo,miel,pescado
bg74da:6485@queso,ajo,huevo,arroz,tomate,pescado,azúcar,leche
qh75op:8529@queso,leche,pescado,pollo,cebolla,azúcar,café,arroz
qf37wp:2051@trigo,pan,zanahoria,arroz,café,aceite,leche
fa71rg:1114@café,tomate,pollo,zanahoria
va48lp:9919@huevo,pescado,tomate,trigo,pan,queso,zanahoria
ry54io:6044@patata,azúcar,queso,leche,pollo,zanahoria,café,trigo,cebolla
oo09oe:4147@pollo,arroz,azúcar,huevo,patata
de79sm:2822@aceite,miel,tomate,manzana,azúcar,huevo,ajo,pan,trigo
hw17kv:6225@cebolla,azúcar,patata,leche,ajo,tomate,pescado
mr62im:3861@patata,café,queso,arroz,azúcar,pollo,pan
oj28yr:2652@queso,tomate,trigo,café,pescado,patata,pollo,azúcar
ds64hh:2152@tomate,miel,pescado,aceite,manzana,arroz,café,trigo,huevo
wv69pj:9704@huevo,patata,arroz,queso
sk78th:4522@queso,azúcar,arroz,pescado,miel,manzana,tomate
zw77bq:4156@zanahoria,pollo,pescado,ajo,miel,patata,leche,cebolla,arroz
ry23jc:9767@pan,queso,leche,pescado,tomate
ph50nl:2778@aceite,manzana,zanahoria,café,leche,pollo,pan,pescado
xz69wx:6071@queso,cebolla,ajo,azúcar,patata,pescado
qi26nu:7023@trigo,arroz,pan,huevo,manzana
nt73jk:1786@arroz,pan,tomate,cebolla,manzana
of77vz:5239@cebolla,ajo,zanahoria,patata,azúcar
sk47nx:8032@ajo,miel,pescado,trigo,cebolla,arroz
vi74bz:8771@tomate,trigo,aceite,miel,huevo,manzana,pollo,pescado,leche
ir15ta:5551@arroz,zanahoria,patata,pan,huevo,tomate,ajo,pescado,miel,trigo
yf29dh:8190@trigo,huevo,cebolla,patata,café,azúcar,tomate
et88li:6039@queso,huevo,azúcar,patata,ajo,leche,arroz
aj81mj:7967@queso,pollo,cebolla,patata,aceite,miel,manzana,huevo,ajo,pan
qt09wm:1966@azúcar,pan,pollo,cebolla,ajo,queso,aceite,huevo
ms20ql:2081@patata,leche,trigo,miel,arroz,aceite,pollo
hx87ck:5950@azúcar,leche,queso,pollo,miel,huevo,trigo,café
ft16us:2251@leche,pan,huevo,aceite,cebolla,zanahoria
vk33rl:5843@miel,cebolla,patata,pollo,ajo,café,trigo,azúcar,huevo
ch52yb:7410@manzana,ajo,leche,huevo,café,aceite,pollo,cebolla,trigo
tf57gt:7959@aceite,zanahoria,miel,café,pescado,leche,ajo,queso,trigo
ax22xb:9312@arroz,tomate,manzana,leche,queso
mn96dj:3436@manzana,café,arroz,pan,cebolla,trigo,queso,pescado,aceite
vb95tw:9657@ajo,manzana,patata,pan,café,azúcar,pescado
gd94pe:2502@leche,manzana,queso,azúcar,miel,aceite,pescado,patata
te68ye:5829@ajo,aceite,pan
dr33bf:9855@queso,trigo,tomate,pescado,huevo,azúcar,patata
ft21xd:8061@trigo,arroz,azúcar,cebolla
iw06wf:5272@leche,pescado,tomate,queso,cebolla,patata
vg13xr:1135@leche,queso,aceite,azúcar,pescado,pollo,huevo,trigo,zanahoria
nj62eb:7697@huevo,manzana,queso,ajo,leche
gf48vg:3095@azúcar,manzana,zanahoria,arroz,patata,café,pollo
qe17cs:8576@manzana,tomate,ajo,arroz,huevo
ql64me:3646@trigo,aceite,pescado,miel
xe66sk:4127@trigo,tomate,aceite,manzana,huevo
kd96cl:1587@café,patata,azúcar,miel,queso,tomate,manzana
rw54ot:4066@tomate,ajo,arroz,leche,zanahoria,aceite
md52ci:9232@pan,café,ajo,arroz,manzana,pollo,miel,trigo
td23ig:3399@huevo,patata,arroz
dm62cl:6321@manzana,leche,café,azúcar
yg01wl:7452@azúcar,leche,cebolla,miel,tomate,café,trigo
tx71vl:6287@arroz,trigo,pollo,pescado
rp96ug:3410@café,arroz,pan,manzana,leche,aceite,pollo,pescado,azúcar
bc43lu:4183@azúcar,aceite,queso,manzana,pollo,cebolla
np23za:6172@cebolla,arroz,zanahoria,huevo,café
uc71br:4991@trigo,pescado,miel,aceite,azúcar,queso,pollo,tomate,pan
pp63qf:8199@ajo,aceite,cebolla
xg44nf:2009@zanahoria,manzana,cebolla,ajo,queso,arroz,huevo
hk61bt:7968@café,huevo,pescado,ajo,tomate
li95ag:9405@cebolla,manzana,patata,pescado
xv77le:2275@huevo,pescado,azúcar,aceite,patata,pan,café,pollo,leche
mk10ta:7681@huevo,patata,pescado
ef51mf:7209@queso,pan,tomate,zanahoria,café
bt81tj:5541@trigo,café,aceite,azúcar,ajo,manzana
vq46yx:9425@patata,arroz,manzana,cebolla,azúcar,trigo,queso,zanahoria,pan,huevo
nu66mc:6048@pan,azúcar,huevo,miel
vf83ie:3253@manzana,miel,queso,pan,tomate,azúcar,patata
cx34pv:2126@ajo,aceite,leche,azúcar
gf77ch:9521@café,zanahoria,ajo,miel
np33gy:9967@tomate,queso,patata,aceite,zanahoria,cebolla
qe75vv:5051@zanahoria,aceite,leche,pescado,manzana
mr77cn:2700@pan,pollo,queso,azúcar
wj62jg:4647@trigo,patata,aceite,café
uc10kx:9227@arroz,pollo,cebolla,queso,huevo,pan,miel,tomate,manzana,café
ka82eq:6251@cebolla,tomate,ajo
ws24qk:9937@patata,café,tomate,queso,pescado,ajo,zanahoria,pollo,huevo
md35dj:7581@ajo,pan,zanahoria,arroz,manzana
kj43to:6444@arroz,manzana,café,zanahoria
vt05pf:8045@leche,manzana,patata,queso,arroz
tx26rj:4068@aceite,leche,miel,azúcar,manzana,pan,cebolla,pollo,trigo
dq17io:8882@aceite,zanahoria,trigo,azúcar,pollo,pescado,tomate,leche
jw52io:3085@miel,ajo,patata,pescado
xe44oq:6289@tomate,aceite,manzana,pescado,cebolla,zanahoria,café,ajo
sz85jh:8907@arroz,azúcar,ajo,aceite,huevo,patata,pollo
wd30ut:1980@huevo,tomate,arroz,manzana,pescado
wx87dp:7828@ajo,trigo,arroz,pollo,manzana,queso,patata,leche,huevo
kg04oa:2116@arroz,miel,queso
fr78er:2805@leche,azúcar,cebolla,queso,arroz,pescado,pan,miel
xg68zo:7099@aceite,manzana,patata,café,trigo,pan,pescado
bq07tg:2128@café,patata,ajo,cebolla,zanahoria,pescado,arroz,huevo,trigo
cj69nv:9929@trigo,leche,ajo,pollo
rw56jc:3516@huevo,pescado,queso,miel,aceite,ajo,patata,leche,café
oj73rv:7101@azúcar,queso,manzana,cebolla,pollo,huevo,tomate,café,ajo,trigo
xv68qw:3547@pollo,miel,azúcar,trigo,ajo
nk65xf:8040@ajo,huevo,miel,arroz,trigo
lq35nf:6262@arroz,huevo,queso,manzana,leche,cebolla